{"stats":{"minecraft:custom":{"minecraft:jump":125,"minecraft:time_since_rest":20489,"minecraft:damage_dealt":134,"minecraft:leave_game":6,"minecraft:crouch_one_cm":244,"minecraft:play_time":20489,"minecraft:sprint_one_cm":10212,"minecraft:damage_taken":50,"minecraft:time_since_death":20489,"minecraft:walk_one_cm":5022,"minecraft:sneak_time":173,"minecraft:total_world_time":20489,"minecraft:fall_one_cm":3427,"minecraft:fly_one_cm":18157},"minecraft:used":{"minecraft:dirt":10},"minecraft:mined":{"minecraft:short_grass":3,"minecraft:grass_block":4,"minecraft:oak_leaves":3,"minecraft:dirt":6},"minecraft:picked_up":{"minecraft:dirt":10}},"DataVersion":3953}