{"stats":{"minecraft:custom":{"minecraft:jump":65,"minecraft:time_since_rest":16827,"minecraft:crouch_one_cm":179,"minecraft:leave_game":2,"minecraft:play_time":16827,"minecraft:sprint_one_cm":7237,"minecraft:time_since_death":16827,"minecraft:walk_one_cm":3389,"minecraft:sneak_time":147,"minecraft:total_world_time":16827,"minecraft:fall_one_cm":2148,"minecraft:fly_one_cm":12137},"minecraft:used":{"minecraft:dirt":6},"minecraft:mined":{"minecraft:grass_block":4,"minecraft:dirt":4},"minecraft:picked_up":{"minecraft:dirt":8}},"DataVersion":3953}