{"stats":{"minecraft:custom":{"minecraft:jump":78,"minecraft:time_since_rest":18016,"minecraft:damage_dealt":50,"minecraft:crouch_one_cm":244,"minecraft:leave_game":3,"minecraft:play_time":18016,"minecraft:sprint_one_cm":7509,"minecraft:damage_taken":50,"minecraft:time_since_death":18016,"minecraft:walk_one_cm":4050,"minecraft:sneak_time":173,"minecraft:total_world_time":18016,"minecraft:fall_one_cm":2148,"minecraft:fly_one_cm":13078},"minecraft:used":{"minecraft:dirt":10},"minecraft:mined":{"minecraft:short_grass":1,"minecraft:grass_block":4,"minecraft:dirt":6},"minecraft:picked_up":{"minecraft:dirt":10}},"DataVersion":3953}