{"stats":{"minecraft:custom":{"minecraft:time_since_rest":1751,"minecraft:crouch_one_cm":244,"minecraft:sprint_one_cm":33690,"minecraft:play_time":30059,"minecraft:deaths":7,"minecraft:damage_taken":2165,"minecraft:walk_one_cm":9346,"minecraft:sneak_time":173,"minecraft:walk_under_water_one_cm":1003,"minecraft:jump":371,"minecraft:damage_dealt":134,"minecraft:leave_game":8,"minecraft:time_since_death":1718,"minecraft:walk_on_water_one_cm":47,"minecraft:total_world_time":30059,"minecraft:swim_one_cm":4551,"minecraft:fall_one_cm":39508,"minecraft:fly_one_cm":66684},"minecraft:used":{"minecraft:dirt":12},"minecraft:mined":{"minecraft:short_grass":9,"minecraft:grass_block":6,"minecraft:dirt":7,"minecraft:oak_leaves":8},"minecraft:killed_by":{"minecraft:drowned":1},"minecraft:picked_up":{"minecraft:dirt":13}},"DataVersion":3953}