{"stats":{"minecraft:custom":{"minecraft:jump":66,"minecraft:time_since_rest":17429,"minecraft:leave_game":3,"minecraft:crouch_one_cm":244,"minecraft:play_time":17429,"minecraft:sprint_one_cm":7237,"minecraft:time_since_death":17429,"minecraft:walk_one_cm":3389,"minecraft:sneak_time":173,"minecraft:total_world_time":17429,"minecraft:fall_one_cm":2148,"minecraft:fly_one_cm":12137},"minecraft:used":{"minecraft:dirt":7},"minecraft:mined":{"minecraft:grass_block":4,"minecraft:dirt":5},"minecraft:picked_up":{"minecraft:dirt":9}},"DataVersion":3953}