{"stats":{"minecraft:custom":{"minecraft:jump":49,"minecraft:time_since_rest":10513,"minecraft:leave_game":1,"minecraft:sprint_one_cm":5379,"minecraft:play_time":10513,"minecraft:time_since_death":10513,"minecraft:walk_one_cm":2215,"minecraft:sneak_time":22,"minecraft:total_world_time":10513,"minecraft:fall_one_cm":1730,"minecraft:fly_one_cm":8611},"minecraft:used":{"minecraft:dirt":3},"minecraft:mined":{"minecraft:grass_block":2,"minecraft:dirt":1},"minecraft:picked_up":{"minecraft:dirt":3}},"DataVersion":3953}