{"stats":{"minecraft:mined":{"minecraft:smoker":1,"minecraft:crafting_table":2,"minecraft:short_grass":12,"minecraft:coal_ore":17,"minecraft:grass_block":2,"minecraft:oak_log":31,"minecraft:dirt":5,"minecraft:stone":19,"minecraft:oak_leaves":4},"minecraft:custom":{"minecraft:time_since_rest":24971,"minecraft:sprint_one_cm":18094,"minecraft:damage_taken":140,"minecraft:walk_one_cm":17286,"minecraft:mob_kills":10,"minecraft:damage_dealt":800,"minecraft:interact_with_crafting_table":4,"minecraft:fly_one_cm":39564,"minecraft:crouch_one_cm":4198,"minecraft:play_time":24971,"minecraft:sneak_time":1419,"minecraft:jump":209,"minecraft:leave_game":4,"minecraft:time_since_death":24971,"minecraft:interact_with_smoker":5,"minecraft:total_world_time":24971,"minecraft:fall_one_cm":9947},"minecraft:killed":{"minecraft:zombie":1,"minecraft:chicken":5,"minecraft:cow":4},"minecraft:crafted":{"minecraft:cooked_beef":6,"minecraft:oak_planks":24,"minecraft:crafting_table":1,"minecraft:stick":8,"minecraft:wooden_pickaxe":1,"minecraft:cooked_chicken":5,"minecraft:stone_pickaxe":1,"minecraft:furnace":1,"minecraft:stone_axe":1,"minecraft:air":0,"minecraft:smoker":1},"minecraft:picked_up":{"minecraft:crafting_table":2,"minecraft:feather":5,"minecraft:chicken":5,"minecraft:leather":4,"minecraft:smoker":1,"minecraft:oak_log":31,"minecraft:dirt":7,"minecraft:beef":6,"minecraft:coal":17,"minecraft:cobblestone":19,"minecraft:egg":2},"minecraft:used":{"minecraft:stone_pickaxe":27,"minecraft:wooden_pickaxe":10,"minecraft:cooked_chicken":3,"minecraft:stone_axe":41,"minecraft:dirt":3,"minecraft:crafting_table":2,"minecraft:smoker":1}},"DataVersion":3953}