{"stats":{"minecraft:mined":{"minecraft:short_grass":5,"minecraft:grass_block":1},"minecraft:custom":{"minecraft:jump":56,"minecraft:time_since_rest":4772,"minecraft:play_time":4772,"minecraft:leave_game":2,"minecraft:sprint_one_cm":3865,"minecraft:damage_taken":70,"minecraft:time_since_death":4772,"minecraft:walk_one_cm":2195,"minecraft:total_world_time":4772,"minecraft:fall_one_cm":3074,"minecraft:fly_one_cm":9378},"minecraft:picked_up":{"minecraft:dirt":1},"minecraft:used":{"minecraft:dirt":1}},"DataVersion":3953}