{"stats":{"minecraft:mined":{"minecraft:short_grass":4,"minecraft:grass_block":1},"minecraft:custom":{"minecraft:jump":28,"minecraft:time_since_rest":1948,"minecraft:leave_game":1,"minecraft:sprint_one_cm":2220,"minecraft:play_time":1948,"minecraft:damage_taken":50,"minecraft:time_since_death":1948,"minecraft:walk_one_cm":1425,"minecraft:total_world_time":1948,"minecraft:fall_one_cm":882,"minecraft:fly_one_cm":2727},"minecraft:picked_up":{"minecraft:dirt":1},"minecraft:used":{"minecraft:dirt":1}},"DataVersion":3953}