{"stats":{"minecraft:mined":{"minecraft:smoker":1,"minecraft:crafting_table":2,"minecraft:granite":8,"minecraft:short_grass":23,"minecraft:grass_block":3,"minecraft:copper_ore":1,"minecraft:tall_grass":1,"minecraft:lapis_ore":2,"minecraft:sugar_cane":2,"minecraft:diorite":4,"minecraft:iron_ore":7,"minecraft:pumpkin":5,"minecraft:oak_log":31,"minecraft:coal_ore":66,"minecraft:deepslate_iron_ore":1,"minecraft:dirt":11,"minecraft:stone":51,"minecraft:oak_leaves":4},"minecraft:custom":{"minecraft:mob_kills":28,"minecraft:interact_with_crafting_table":4,"minecraft:leave_game":7,"minecraft:time_since_death":55959,"minecraft:time_since_rest":55959,"minecraft:sprint_one_cm":55311,"minecraft:damage_taken":430,"minecraft:walk_one_cm":30512,"minecraft:damage_dealt":3085,"minecraft:swim_one_cm":5085,"minecraft:fly_one_cm":142150,"minecraft:open_chest":1,"minecraft:crouch_one_cm":9606,"minecraft:play_time":55959,"minecraft:sneak_time":4075,"minecraft:walk_under_water_one_cm":2421,"minecraft:jump":644,"minecraft:walk_on_water_one_cm":2918,"minecraft:total_world_time":55959,"minecraft:interact_with_smoker":5,"minecraft:fall_one_cm":23629},"minecraft:broken":{"minecraft:stone_pickaxe":1},"minecraft:killed":{"minecraft:pig":3,"minecraft:salmon":1,"minecraft:spider":1,"minecraft:creeper":1,"minecraft:sheep":6,"minecraft:skeleton":2,"minecraft:zombie":3,"minecraft:chicken":5,"minecraft:cow":6},"minecraft:crafted":{"minecraft:cooked_beef":6,"minecraft:oak_planks":24,"minecraft:crafting_table":1,"minecraft:wooden_pickaxe":1,"minecraft:cooked_chicken":5,"minecraft:furnace":1,"minecraft:stone_axe":1,"minecraft:air":0,"minecraft:stick":8,"minecraft:stone_pickaxe":1,"minecraft:smoker":1},"minecraft:picked_up":{"minecraft:crafting_table":2,"minecraft:feather":5,"minecraft:chicken":5,"minecraft:salmon":1,"minecraft:leather":5,"minecraft:smoker":1,"minecraft:oak_log":31,"minecraft:dirt":14,"minecraft:lapis_lazuli":12,"minecraft:string":1,"minecraft:raw_copper":5,"minecraft:bone":3,"minecraft:wheat_seeds":2,"minecraft:beef":11,"minecraft:light_gray_wool":1,"minecraft:sugar_cane":4,"minecraft:egg":2,"minecraft:raw_iron":8,"minecraft:pumpkin":5,"minecraft:dandelion":1,"minecraft:porkchop":5,"minecraft:diorite":4,"minecraft:spider_eye":1,"minecraft:arrow":2,"minecraft:granite":8,"minecraft:gray_wool":1,"minecraft:black_wool":1,"minecraft:mutton":9,"minecraft:coal":66,"minecraft:white_wool":3,"minecraft:cobblestone":51},"minecraft:used":{"minecraft:stone_pickaxe":131,"minecraft:wooden_pickaxe":10,"minecraft:cooked_chicken":5,"minecraft:dirt":14,"minecraft:crafting_table":2,"minecraft:granite":8,"minecraft:smoker":1,"minecraft:stone_axe":77,"minecraft:cobblestone":33,"minecraft:cooked_beef":2}},"DataVersion":3953}