{"stats":{"minecraft:mined":{"minecraft:smoker":1,"minecraft:pumpkin":5,"minecraft:crafting_table":2,"minecraft:granite":8,"minecraft:short_grass":22,"minecraft:coal_ore":17,"minecraft:grass_block":3,"minecraft:oak_log":31,"minecraft:dirt":11,"minecraft:copper_ore":1,"minecraft:lapis_ore":2,"minecraft:stone":47,"minecraft:sugar_cane":2,"minecraft:diorite":4,"minecraft:oak_leaves":4},"minecraft:custom":{"minecraft:time_since_rest":47258,"minecraft:sprint_one_cm":32174,"minecraft:damage_taken":215,"minecraft:walk_one_cm":21300,"minecraft:mob_kills":16,"minecraft:damage_dealt":1430,"minecraft:swim_one_cm":2453,"minecraft:interact_with_crafting_table":4,"minecraft:fly_one_cm":87776,"minecraft:crouch_one_cm":5246,"minecraft:play_time":47258,"minecraft:sneak_time":2332,"minecraft:walk_under_water_one_cm":1449,"minecraft:jump":435,"minecraft:leave_game":6,"minecraft:walk_on_water_one_cm":852,"minecraft:time_since_death":47258,"minecraft:interact_with_smoker":5,"minecraft:total_world_time":47258,"minecraft:fall_one_cm":15301},"minecraft:killed":{"minecraft:skeleton":1,"minecraft:zombie":1,"minecraft:pig":3,"minecraft:chicken":5,"minecraft:salmon":1,"minecraft:cow":5},"minecraft:crafted":{"minecraft:cooked_beef":6,"minecraft:oak_planks":24,"minecraft:crafting_table":1,"minecraft:stick":8,"minecraft:wooden_pickaxe":1,"minecraft:cooked_chicken":5,"minecraft:stone_pickaxe":1,"minecraft:furnace":1,"minecraft:stone_axe":1,"minecraft:air":0,"minecraft:smoker":1},"minecraft:picked_up":{"minecraft:crafting_table":2,"minecraft:feather":5,"minecraft:chicken":5,"minecraft:pumpkin":5,"minecraft:salmon":1,"minecraft:leather":5,"minecraft:smoker":1,"minecraft:porkchop":5,"minecraft:oak_log":31,"minecraft:diorite":4,"minecraft:lapis_lazuli":12,"minecraft:dirt":14,"minecraft:raw_copper":5,"minecraft:wheat_seeds":2,"minecraft:beef":9,"minecraft:granite":8,"minecraft:sugar_cane":4,"minecraft:coal":17,"minecraft:cobblestone":47,"minecraft:egg":2},"minecraft:used":{"minecraft:stone_pickaxe":70,"minecraft:wooden_pickaxe":10,"minecraft:cooked_chicken":4,"minecraft:stone_axe":56,"minecraft:dirt":14,"minecraft:cobblestone":33,"minecraft:crafting_table":2,"minecraft:smoker":1}},"DataVersion":3953}