{"stats":{"minecraft:mined":{"minecraft:short_grass":12,"minecraft:grass_block":2,"minecraft:oak_log":31,"minecraft:dirt":2,"minecraft:stone":10,"minecraft:crafting_table":1,"minecraft:oak_leaves":4},"minecraft:custom":{"minecraft:time_since_rest":16699,"minecraft:crouch_one_cm":1883,"minecraft:sprint_one_cm":18012,"minecraft:play_time":16699,"minecraft:damage_taken":140,"minecraft:walk_one_cm":15097,"minecraft:sneak_time":613,"minecraft:mob_kills":10,"minecraft:jump":206,"minecraft:damage_dealt":800,"minecraft:leave_game":2,"minecraft:time_since_death":16699,"minecraft:total_world_time":16699,"minecraft:interact_with_crafting_table":2,"minecraft:fall_one_cm":9947,"minecraft:fly_one_cm":39564},"minecraft:killed":{"minecraft:zombie":1,"minecraft:chicken":5,"minecraft:cow":4},"minecraft:crafted":{"minecraft:oak_planks":24,"minecraft:stone_axe":1,"minecraft:crafting_table":1,"minecraft:stick":8,"minecraft:stone_pickaxe":1,"minecraft:wooden_pickaxe":1},"minecraft:picked_up":{"minecraft:feather":5,"minecraft:crafting_table":1,"minecraft:chicken":5,"minecraft:leather":4,"minecraft:beef":6,"minecraft:oak_log":31,"minecraft:dirt":4,"minecraft:cobblestone":10,"minecraft:egg":2},"minecraft:used":{"minecraft:stone_axe":40,"minecraft:dirt":2,"minecraft:crafting_table":1,"minecraft:wooden_pickaxe":10}},"DataVersion":3953}