{"stats":{"minecraft:mined":{"minecraft:short_grass":12,"minecraft:oak_log":6,"minecraft:grass_block":1,"minecraft:oak_leaves":2},"minecraft:custom":{"minecraft:jump":113,"minecraft:time_since_rest":10699,"minecraft:crouch_one_cm":362,"minecraft:play_time":10699,"minecraft:leave_game":2,"minecraft:sprint_one_cm":9176,"minecraft:damage_taken":90,"minecraft:time_since_death":10699,"minecraft:walk_one_cm":5288,"minecraft:sneak_time":125,"minecraft:total_world_time":10699,"minecraft:fall_one_cm":5059,"minecraft:fly_one_cm":19714},"minecraft:crafted":{"minecraft:crafting_table":1,"minecraft:oak_planks":24},"minecraft:picked_up":{"minecraft:oak_log":6,"minecraft:dirt":1},"minecraft:used":{"minecraft:dirt":1}},"DataVersion":3953}