{"stats":{"minecraft:mined":{"minecraft:white_bed":1,"minecraft:furnace":3,"minecraft:birch_log":5,"minecraft:crafting_table":2,"minecraft:short_grass":4,"minecraft:coal_ore":26,"minecraft:grass_block":5,"minecraft:oak_log":8,"minecraft:dirt":5,"minecraft:stone":41,"minecraft:oak_leaves":2},"minecraft:custom":{"minecraft:time_since_rest":662,"minecraft:interact_with_furnace":14,"minecraft:sprint_one_cm":25620,"minecraft:damage_taken":414,"minecraft:walk_one_cm":16820,"minecraft:mob_kills":19,"minecraft:drop":1,"minecraft:damage_dealt":2038,"minecraft:interact_with_crafting_table":6,"minecraft:fly_one_cm":25002,"minecraft:crouch_one_cm":6643,"minecraft:play_time":11926,"minecraft:deaths":1,"minecraft:sneak_time":2784,"minecraft:jump":148,"minecraft:time_since_death":7618,"minecraft:sleep_in_bed":1,"minecraft:total_world_time":11926,"minecraft:fall_one_cm":3893},"minecraft:killed":{"minecraft:sheep":8,"minecraft:skeleton":1,"minecraft:pillager":1,"minecraft:pig":2,"minecraft:chicken":2,"minecraft:zombie_villager":1,"minecraft:cow":3},"minecraft:killed_by":{"minecraft:zombie_villager":1},"minecraft:crafted":{"minecraft:cooked_beef":8,"minecraft:oak_planks":32,"minecraft:cooked_porkchop":4,"minecraft:crafting_table":2,"minecraft:stick":12,"minecraft:cooked_chicken":2,"minecraft:wooden_pickaxe":1,"minecraft:stone_pickaxe":1,"minecraft:furnace":2,"minecraft:white_bed":1,"minecraft:birch_planks":20,"minecraft:stone_axe":1,"minecraft:air":0,"minecraft:cooked_mutton":10},"minecraft:dropped":{"minecraft:wooden_pickaxe":1},"minecraft:picked_up":{"minecraft:birch_log":10,"minecraft:crafting_table":2,"minecraft:stick":8,"minecraft:feather":2,"minecraft:chicken":2,"minecraft:leather":4,"minecraft:wooden_pickaxe":2,"minecraft:porkchop":8,"minecraft:oak_log":10,"minecraft:white_bed":1,"minecraft:dirt":26,"minecraft:bone":4,"minecraft:rotten_flesh":2,"minecraft:stone_axe":1,"minecraft:beef":8,"minecraft:crossbow":1,"minecraft:stone_pickaxe":1,"minecraft:gray_wool":2,"minecraft:coal":44,"minecraft:oak_sapling":2,"minecraft:mutton":10,"minecraft:oak_planks":3,"minecraft:egg":1,"minecraft:white_wool":7,"minecraft:cobblestone":42,"minecraft:furnace":3},"minecraft:used":{"minecraft:stone_pickaxe":66,"minecraft:wooden_pickaxe":6,"minecraft:stone_axe":46,"minecraft:cobblestone":4,"minecraft:crafting_table":3,"minecraft:furnace":3,"minecraft:cooked_porkchop":2,"minecraft:white_bed":1}},"DataVersion":3953}