{"stats":{"minecraft:mined":{"minecraft:white_bed":1,"minecraft:crafting_table":3,"minecraft:torch":1,"minecraft:short_grass":4,"minecraft:grass_block":8,"minecraft:cobblestone":2,"minecraft:deepslate_gold_ore":11,"minecraft:lapis_ore":6,"minecraft:furnace":4,"minecraft:birch_log":5,"minecraft:iron_ore":13,"minecraft:oak_log":8,"minecraft:coal_ore":33,"minecraft:deepslate_iron_ore":10,"minecraft:dripstone_block":1,"minecraft:dirt":5,"minecraft:stone":44,"minecraft:deepslate":3,"minecraft:oak_leaves":2},"minecraft:custom":{"minecraft:interact_with_furnace":28,"minecraft:mob_kills":24,"minecraft:interact_with_crafting_table":14,"minecraft:time_since_death":19618,"minecraft:sleep_in_bed":1,"minecraft:time_since_rest":12662,"minecraft:sprint_one_cm":52561,"minecraft:damage_taken":800,"minecraft:walk_one_cm":33885,"minecraft:drop":10,"minecraft:damage_dealt":2664,"minecraft:swim_one_cm":7437,"minecraft:fly_one_cm":58718,"minecraft:crouch_one_cm":13201,"minecraft:play_time":23926,"minecraft:deaths":1,"minecraft:sneak_time":5095,"minecraft:walk_under_water_one_cm":998,"minecraft:jump":376,"minecraft:walk_on_water_one_cm":590,"minecraft:total_world_time":23926,"minecraft:fall_one_cm":14298},"minecraft:killed":{"minecraft:pig":2,"minecraft:zombie_villager":1,"minecraft:spider":3,"minecraft:sheep":8,"minecraft:skeleton":1,"minecraft:pillager":1,"minecraft:zombie":1,"minecraft:chicken":2,"minecraft:cow":3},"minecraft:killed_by":{"minecraft:zombie_villager":1},"minecraft:crafted":{"minecraft:cooked_beef":8,"minecraft:oak_planks":32,"minecraft:cooked_porkchop":4,"minecraft:crafting_table":2,"minecraft:iron_helmet":1,"minecraft:wooden_pickaxe":1,"minecraft:cooked_chicken":2,"minecraft:furnace":2,"minecraft:birch_planks":20,"minecraft:stone_axe":1,"minecraft:cooked_mutton":10,"minecraft:air":0,"minecraft:iron_boots":1,"minecraft:shield":1,"minecraft:stick":12,"minecraft:iron_ingot":18,"minecraft:iron_pickaxe":1,"minecraft:stone_pickaxe":1,"minecraft:white_bed":1,"minecraft:torch":20},"minecraft:dropped":{"minecraft:rotten_flesh":3,"minecraft:stone_pickaxe":1,"minecraft:wooden_pickaxe":2,"minecraft:string":4},"minecraft:picked_up":{"minecraft:birch_log":10,"minecraft:crafting_table":3,"minecraft:feather":2,"minecraft:chicken":2,"minecraft:leather":4,"minecraft:wooden_pickaxe":2,"minecraft:oak_log":10,"minecraft:lapis_lazuli":37,"minecraft:string":6,"minecraft:dirt":29,"minecraft:bone":4,"minecraft:cobbled_deepslate":3,"minecraft:raw_gold":11,"minecraft:iron_ingot":1,"minecraft:beef":8,"minecraft:stone_pickaxe":1,"minecraft:oak_planks":3,"minecraft:furnace":4,"minecraft:egg":1,"minecraft:raw_iron":23,"minecraft:stick":8,"minecraft:torch":1,"minecraft:dripstone_block":1,"minecraft:porkchop":8,"minecraft:pointed_dripstone":1,"minecraft:white_bed":1,"minecraft:rotten_flesh":3,"minecraft:stone_axe":1,"minecraft:crossbow":1,"minecraft:gray_wool":2,"minecraft:oak_sapling":2,"minecraft:mutton":10,"minecraft:coal":78,"minecraft:white_wool":7,"minecraft:cobblestone":47},"minecraft:used":{"minecraft:cooked_mutton":1,"minecraft:stone_pickaxe":85,"minecraft:wooden_pickaxe":6,"minecraft:torch":15,"minecraft:dirt":18,"minecraft:crafting_table":5,"minecraft:white_bed":1,"minecraft:dripstone_block":1,"minecraft:iron_pickaxe":38,"minecraft:stone_axe":61,"minecraft:cobblestone":8,"minecraft:furnace":5,"minecraft:cooked_porkchop":4,"minecraft:egg":1,"minecraft:cooked_beef":2,"minecraft:pointed_dripstone":1}},"DataVersion":3953}