{"stats":{"minecraft:mined":{"minecraft:white_bed":4,"minecraft:oak_door":1,"minecraft:crafting_table":6,"minecraft:torch":3,"minecraft:granite":66,"minecraft:short_grass":8,"minecraft:grass_block":18,"minecraft:poppy":1,"minecraft:cobblestone":2,"minecraft:tall_grass":5,"minecraft:lapis_ore":7,"minecraft:deepslate_gold_ore":11,"minecraft:diorite":5,"minecraft:wall_torch":2,"minecraft:furnace":8,"minecraft:birch_log":5,"minecraft:iron_ore":17,"minecraft:andesite":4,"minecraft:yellow_bed":5,"minecraft:gold_block":1,"minecraft:coal_ore":33,"minecraft:oak_log":52,"minecraft:deepslate_iron_ore":16,"minecraft:dirt_path":18,"minecraft:dripstone_block":1,"minecraft:dirt":134,"minecraft:stone":165,"minecraft:oak_leaves":3,"minecraft:deepslate":3},"minecraft:broken":{"minecraft:iron_pickaxe":1},"minecraft:custom":{"minecraft:interact_with_furnace":40,"minecraft:mob_kills":33,"minecraft:interact_with_crafting_table":26,"minecraft:bell_ring":13,"minecraft:leave_game":5,"minecraft:time_since_death":750,"minecraft:sleep_in_bed":2,"minecraft:climb_one_cm":644,"minecraft:time_since_rest":869,"minecraft:sprint_one_cm":169575,"minecraft:damage_taken":1768,"minecraft:walk_one_cm":99588,"minecraft:drop":17,"minecraft:damage_dealt":3889,"minecraft:talked_to_villager":1,"minecraft:swim_one_cm":29795,"minecraft:fly_one_cm":259233,"minecraft:open_chest":14,"minecraft:crouch_one_cm":32786,"minecraft:play_time":66018,"minecraft:deaths":4,"minecraft:sneak_time":10562,"minecraft:walk_under_water_one_cm":3719,"minecraft:jump":1289,"minecraft:walk_on_water_one_cm":13838,"minecraft:total_world_time":66018,"minecraft:fall_one_cm":43006},"minecraft:killed":{"minecraft:pig":3,"minecraft:zombie_villager":1,"minecraft:spider":4,"minecraft:skeleton":1,"minecraft:sheep":8,"minecraft:pillager":1,"minecraft:zombie":2,"minecraft:chicken":2,"minecraft:cow":9},"minecraft:killed_by":{"minecraft:zombie_villager":1,"minecraft:skeleton":1,"minecraft:zombie":1,"minecraft:iron_golem":1},"minecraft:crafted":{"minecraft:cooked_beef":8,"minecraft:oak_planks":36,"minecraft:cooked_porkchop":4,"minecraft:crafting_table":2,"minecraft:iron_helmet":1,"minecraft:cooked_chicken":2,"minecraft:wooden_pickaxe":1,"minecraft:furnace":2,"minecraft:birch_planks":20,"minecraft:stone_axe":1,"minecraft:cooked_mutton":10,"minecraft:air":0,"minecraft:iron_boots":1,"minecraft:iron_chestplate":1,"minecraft:shield":1,"minecraft:iron_axe":1,"minecraft:stick":40,"minecraft:iron_ingot":31,"minecraft:iron_pickaxe":1,"minecraft:stone_pickaxe":1,"minecraft:chest":1,"minecraft:iron_shovel":2,"minecraft:gold_ingot":16,"minecraft:iron_leggings":1,"minecraft:white_bed":1,"minecraft:torch":20},"minecraft:dropped":{"minecraft:birch_planks":2,"minecraft:wheat_seeds":2,"minecraft:rotten_flesh":3,"minecraft:wooden_pickaxe":2,"minecraft:stone_pickaxe":1,"minecraft:string":10},"minecraft:picked_up":{"minecraft:birch_log":10,"minecraft:crafting_table":6,"minecraft:feather":2,"minecraft:chicken":2,"minecraft:andesite":3,"minecraft:leather":8,"minecraft:wooden_pickaxe":2,"minecraft:birch_planks":1,"minecraft:gold_block":1,"minecraft:oak_log":54,"minecraft:yellow_bed":5,"minecraft:lapis_lazuli":41,"minecraft:string":10,"minecraft:dirt":199,"minecraft:bone":4,"minecraft:wheat_seeds":2,"minecraft:cobbled_deepslate":3,"minecraft:raw_gold":11,"minecraft:iron_ingot":2,"minecraft:beef":15,"minecraft:stone_pickaxe":1,"minecraft:poppy":1,"minecraft:oak_planks":13,"minecraft:furnace":8,"minecraft:egg":1,"minecraft:stick":8,"minecraft:raw_iron":33,"minecraft:oak_door":1,"minecraft:torch":7,"minecraft:dripstone_block":1,"minecraft:porkchop":11,"minecraft:pointed_dripstone":1,"minecraft:diorite":5,"minecraft:white_bed":4,"minecraft:rotten_flesh":5,"minecraft:stone_axe":1,"minecraft:crossbow":1,"minecraft:granite":64,"minecraft:gray_wool":2,"minecraft:gold_ingot":4,"minecraft:oak_sapling":2,"minecraft:mutton":10,"minecraft:coal":134,"minecraft:white_wool":7,"minecraft:cobblestone":154},"minecraft:used":{"minecraft:cooked_mutton":5,"minecraft:diorite":5,"minecraft:iron_shovel":153,"minecraft:stone_pickaxe":85,"minecraft:poppy":1,"minecraft:chest":1,"minecraft:wooden_pickaxe":6,"minecraft:cooked_chicken":1,"minecraft:white_wool":4,"minecraft:torch":15,"minecraft:dirt":26,"minecraft:crafting_table":8,"minecraft:dripstone_block":1,"minecraft:white_bed":4,"minecraft:granite":22,"minecraft:apple":1,"minecraft:iron_axe":71,"minecraft:light_weighted_pressure_plate":1,"minecraft:iron_pickaxe":250,"minecraft:stone_axe":66,"minecraft:cobblestone":41,"minecraft:beef":2,"minecraft:furnace":10,"minecraft:cooked_porkchop":4,"minecraft:andesite":3,"minecraft:yellow_bed":4,"minecraft:egg":1,"minecraft:cooked_beef":3,"minecraft:cobbled_deepslate":3,"minecraft:gray_wool":1,"minecraft:pointed_dripstone":1}},"DataVersion":3953}