{"stats":{"minecraft:mined":{"minecraft:white_bed":1,"minecraft:crafting_table":5,"minecraft:torch":3,"minecraft:short_grass":4,"minecraft:grass_block":8,"minecraft:cobblestone":2,"minecraft:lapis_ore":6,"minecraft:deepslate_gold_ore":11,"minecraft:diorite":5,"minecraft:wall_torch":2,"minecraft:furnace":6,"minecraft:birch_log":5,"minecraft:iron_ore":17,"minecraft:andesite":4,"minecraft:gold_block":1,"minecraft:oak_log":8,"minecraft:coal_ore":33,"minecraft:deepslate_iron_ore":16,"minecraft:dripstone_block":1,"minecraft:dirt":5,"minecraft:stone":54,"minecraft:oak_leaves":2,"minecraft:deepslate":3},"minecraft:custom":{"minecraft:interact_with_furnace":31,"minecraft:mob_kills":25,"minecraft:interact_with_crafting_table":20,"minecraft:leave_game":2,"minecraft:time_since_death":26707,"minecraft:sleep_in_bed":1,"minecraft:time_since_rest":19751,"minecraft:sprint_one_cm":69296,"minecraft:damage_taken":839,"minecraft:walk_one_cm":39153,"minecraft:drop":11,"minecraft:damage_dealt":2864,"minecraft:swim_one_cm":26896,"minecraft:fly_one_cm":85924,"minecraft:open_chest":1,"minecraft:crouch_one_cm":13603,"minecraft:play_time":31015,"minecraft:deaths":1,"minecraft:sneak_time":5284,"minecraft:walk_under_water_one_cm":3103,"minecraft:jump":570,"minecraft:walk_on_water_one_cm":4558,"minecraft:total_world_time":31015,"minecraft:fall_one_cm":17454},"minecraft:killed":{"minecraft:pig":2,"minecraft:zombie_villager":1,"minecraft:spider":3,"minecraft:skeleton":1,"minecraft:sheep":8,"minecraft:pillager":1,"minecraft:zombie":2,"minecraft:chicken":2,"minecraft:cow":3},"minecraft:killed_by":{"minecraft:zombie_villager":1},"minecraft:crafted":{"minecraft:cooked_beef":8,"minecraft:oak_planks":32,"minecraft:cooked_porkchop":4,"minecraft:crafting_table":2,"minecraft:wooden_pickaxe":1,"minecraft:iron_helmet":1,"minecraft:cooked_chicken":2,"minecraft:furnace":2,"minecraft:birch_planks":20,"minecraft:stone_axe":1,"minecraft:cooked_mutton":10,"minecraft:air":0,"minecraft:iron_boots":1,"minecraft:shield":1,"minecraft:iron_axe":1,"minecraft:stick":32,"minecraft:iron_ingot":28,"minecraft:iron_pickaxe":1,"minecraft:stone_pickaxe":1,"minecraft:white_bed":1,"minecraft:torch":20},"minecraft:dropped":{"minecraft:rotten_flesh":3,"minecraft:wooden_pickaxe":2,"minecraft:stone_pickaxe":1,"minecraft:string":6},"minecraft:picked_up":{"minecraft:birch_log":10,"minecraft:crafting_table":5,"minecraft:feather":2,"minecraft:chicken":2,"minecraft:andesite":3,"minecraft:leather":4,"minecraft:wooden_pickaxe":2,"minecraft:gold_block":1,"minecraft:oak_log":10,"minecraft:string":6,"minecraft:dirt":29,"minecraft:lapis_lazuli":37,"minecraft:bone":4,"minecraft:cobbled_deepslate":3,"minecraft:raw_gold":11,"minecraft:iron_ingot":1,"minecraft:beef":8,"minecraft:stone_pickaxe":1,"minecraft:oak_planks":3,"minecraft:furnace":6,"minecraft:egg":1,"minecraft:stick":8,"minecraft:raw_iron":33,"minecraft:torch":5,"minecraft:dripstone_block":1,"minecraft:porkchop":8,"minecraft:pointed_dripstone":1,"minecraft:diorite":5,"minecraft:white_bed":1,"minecraft:rotten_flesh":5,"minecraft:stone_axe":1,"minecraft:crossbow":1,"minecraft:gray_wool":2,"minecraft:oak_sapling":2,"minecraft:mutton":10,"minecraft:coal":117,"minecraft:white_wool":7,"minecraft:cobblestone":57},"minecraft:used":{"minecraft:cooked_mutton":2,"minecraft:diorite":5,"minecraft:stone_pickaxe":85,"minecraft:wooden_pickaxe":6,"minecraft:white_wool":4,"minecraft:torch":15,"minecraft:dirt":18,"minecraft:crafting_table":6,"minecraft:white_bed":1,"minecraft:dripstone_block":1,"minecraft:iron_axe":1,"minecraft:iron_pickaxe":70,"minecraft:stone_axe":66,"minecraft:cobblestone":34,"minecraft:furnace":6,"minecraft:cooked_porkchop":4,"minecraft:andesite":3,"minecraft:egg":1,"minecraft:cooked_beef":2,"minecraft:cobbled_deepslate":3,"minecraft:gray_wool":1,"minecraft:pointed_dripstone":1}},"DataVersion":3953}