{"stats":{"minecraft:mined":{"minecraft:white_bed":1,"minecraft:crafting_table":6,"minecraft:torch":3,"minecraft:short_grass":8,"minecraft:grass_block":8,"minecraft:poppy":1,"minecraft:tall_grass":3,"minecraft:cobblestone":2,"minecraft:lapis_ore":6,"minecraft:deepslate_gold_ore":11,"minecraft:diorite":5,"minecraft:wall_torch":2,"minecraft:furnace":8,"minecraft:birch_log":5,"minecraft:iron_ore":17,"minecraft:andesite":4,"minecraft:gold_block":1,"minecraft:oak_log":52,"minecraft:coal_ore":33,"minecraft:deepslate_iron_ore":16,"minecraft:dripstone_block":1,"minecraft:dirt":5,"minecraft:stone":54,"minecraft:oak_leaves":2,"minecraft:deepslate":3},"minecraft:custom":{"minecraft:interact_with_furnace":38,"minecraft:mob_kills":32,"minecraft:interact_with_crafting_table":22,"minecraft:leave_game":3,"minecraft:time_since_death":36562,"minecraft:sleep_in_bed":1,"minecraft:time_since_rest":29606,"minecraft:sprint_one_cm":115165,"minecraft:damage_taken":958,"minecraft:walk_one_cm":55147,"minecraft:drop":15,"minecraft:damage_dealt":3564,"minecraft:swim_one_cm":26896,"minecraft:fly_one_cm":192168,"minecraft:open_chest":5,"minecraft:crouch_one_cm":13762,"minecraft:play_time":40870,"minecraft:deaths":1,"minecraft:sneak_time":5387,"minecraft:walk_under_water_one_cm":3103,"minecraft:jump":958,"minecraft:walk_on_water_one_cm":5318,"minecraft:total_world_time":40870,"minecraft:fall_one_cm":31962},"minecraft:killed":{"minecraft:pig":3,"minecraft:zombie_villager":1,"minecraft:spider":3,"minecraft:skeleton":1,"minecraft:sheep":8,"minecraft:pillager":1,"minecraft:zombie":2,"minecraft:chicken":2,"minecraft:cow":9},"minecraft:killed_by":{"minecraft:zombie_villager":1},"minecraft:crafted":{"minecraft:cooked_beef":8,"minecraft:oak_planks":32,"minecraft:cooked_porkchop":4,"minecraft:crafting_table":2,"minecraft:wooden_pickaxe":1,"minecraft:iron_helmet":1,"minecraft:cooked_chicken":2,"minecraft:furnace":2,"minecraft:birch_planks":20,"minecraft:stone_axe":1,"minecraft:cooked_mutton":10,"minecraft:air":0,"minecraft:iron_chestplate":1,"minecraft:iron_boots":1,"minecraft:shield":1,"minecraft:iron_axe":1,"minecraft:stick":32,"minecraft:iron_ingot":31,"minecraft:iron_pickaxe":1,"minecraft:stone_pickaxe":1,"minecraft:iron_leggings":1,"minecraft:gold_ingot":16,"minecraft:white_bed":1,"minecraft:torch":20},"minecraft:dropped":{"minecraft:birch_planks":2,"minecraft:wheat_seeds":2,"minecraft:rotten_flesh":3,"minecraft:wooden_pickaxe":2,"minecraft:stone_pickaxe":1,"minecraft:string":6},"minecraft:picked_up":{"minecraft:birch_log":10,"minecraft:crafting_table":6,"minecraft:feather":2,"minecraft:chicken":2,"minecraft:andesite":3,"minecraft:leather":8,"minecraft:wooden_pickaxe":2,"minecraft:birch_planks":1,"minecraft:gold_block":1,"minecraft:oak_log":54,"minecraft:string":6,"minecraft:dirt":29,"minecraft:lapis_lazuli":37,"minecraft:bone":4,"minecraft:wheat_seeds":2,"minecraft:cobbled_deepslate":3,"minecraft:raw_gold":11,"minecraft:stone_pickaxe":1,"minecraft:iron_ingot":2,"minecraft:beef":15,"minecraft:poppy":1,"minecraft:oak_planks":13,"minecraft:furnace":8,"minecraft:egg":1,"minecraft:stick":8,"minecraft:raw_iron":33,"minecraft:torch":7,"minecraft:dripstone_block":1,"minecraft:porkchop":11,"minecraft:pointed_dripstone":1,"minecraft:diorite":5,"minecraft:white_bed":1,"minecraft:rotten_flesh":5,"minecraft:stone_axe":1,"minecraft:crossbow":1,"minecraft:gray_wool":2,"minecraft:gold_ingot":4,"minecraft:oak_sapling":2,"minecraft:mutton":10,"minecraft:coal":134,"minecraft:white_wool":7,"minecraft:cobblestone":57},"minecraft:used":{"minecraft:cooked_mutton":4,"minecraft:diorite":5,"minecraft:stone_pickaxe":85,"minecraft:poppy":1,"minecraft:wooden_pickaxe":6,"minecraft:white_wool":4,"minecraft:torch":15,"minecraft:dirt":18,"minecraft:crafting_table":7,"minecraft:dripstone_block":1,"minecraft:white_bed":1,"minecraft:apple":1,"minecraft:light_weighted_pressure_plate":1,"minecraft:iron_axe":61,"minecraft:iron_pickaxe":72,"minecraft:stone_axe":66,"minecraft:cobblestone":34,"minecraft:beef":2,"minecraft:furnace":8,"minecraft:cooked_porkchop":4,"minecraft:andesite":3,"minecraft:egg":1,"minecraft:cooked_beef":2,"minecraft:cobbled_deepslate":3,"minecraft:gray_wool":1,"minecraft:pointed_dripstone":1}},"DataVersion":3953}