{"stats":{"minecraft:mined":{"minecraft:white_bed":1,"minecraft:crafting_table":5,"minecraft:torch":3,"minecraft:short_grass":4,"minecraft:grass_block":8,"minecraft:cobblestone":2,"minecraft:deepslate_gold_ore":11,"minecraft:lapis_ore":6,"minecraft:diorite":5,"minecraft:wall_torch":2,"minecraft:furnace":6,"minecraft:birch_log":5,"minecraft:iron_ore":17,"minecraft:andesite":4,"minecraft:gold_block":1,"minecraft:oak_log":8,"minecraft:coal_ore":33,"minecraft:deepslate_iron_ore":16,"minecraft:dripstone_block":1,"minecraft:dirt":5,"minecraft:stone":54,"minecraft:deepslate":3,"minecraft:oak_leaves":2},"minecraft:custom":{"minecraft:interact_with_furnace":31,"minecraft:mob_kills":25,"minecraft:interact_with_crafting_table":20,"minecraft:time_since_death":25618,"minecraft:sleep_in_bed":1,"minecraft:time_since_rest":18662,"minecraft:sprint_one_cm":65253,"minecraft:damage_taken":819,"minecraft:walk_one_cm":38694,"minecraft:drop":11,"minecraft:damage_dealt":2864,"minecraft:swim_one_cm":23360,"minecraft:fly_one_cm":70923,"minecraft:open_chest":1,"minecraft:crouch_one_cm":13595,"minecraft:play_time":29926,"minecraft:deaths":1,"minecraft:sneak_time":5280,"minecraft:walk_under_water_one_cm":2433,"minecraft:jump":522,"minecraft:walk_on_water_one_cm":4416,"minecraft:total_world_time":29926,"minecraft:fall_one_cm":15318},"minecraft:killed":{"minecraft:pig":2,"minecraft:zombie_villager":1,"minecraft:spider":3,"minecraft:sheep":8,"minecraft:skeleton":1,"minecraft:pillager":1,"minecraft:zombie":2,"minecraft:chicken":2,"minecraft:cow":3},"minecraft:killed_by":{"minecraft:zombie_villager":1},"minecraft:crafted":{"minecraft:cooked_beef":8,"minecraft:oak_planks":32,"minecraft:cooked_porkchop":4,"minecraft:crafting_table":2,"minecraft:iron_helmet":1,"minecraft:wooden_pickaxe":1,"minecraft:cooked_chicken":2,"minecraft:furnace":2,"minecraft:birch_planks":20,"minecraft:stone_axe":1,"minecraft:cooked_mutton":10,"minecraft:air":0,"minecraft:iron_boots":1,"minecraft:shield":1,"minecraft:iron_axe":1,"minecraft:stick":32,"minecraft:iron_ingot":28,"minecraft:iron_pickaxe":1,"minecraft:stone_pickaxe":1,"minecraft:white_bed":1,"minecraft:torch":20},"minecraft:dropped":{"minecraft:rotten_flesh":3,"minecraft:stone_pickaxe":1,"minecraft:wooden_pickaxe":2,"minecraft:string":6},"minecraft:picked_up":{"minecraft:birch_log":10,"minecraft:crafting_table":5,"minecraft:feather":2,"minecraft:chicken":2,"minecraft:andesite":3,"minecraft:leather":4,"minecraft:wooden_pickaxe":2,"minecraft:gold_block":1,"minecraft:oak_log":10,"minecraft:lapis_lazuli":37,"minecraft:string":6,"minecraft:dirt":29,"minecraft:bone":4,"minecraft:cobbled_deepslate":3,"minecraft:raw_gold":11,"minecraft:iron_ingot":1,"minecraft:beef":8,"minecraft:stone_pickaxe":1,"minecraft:oak_planks":3,"minecraft:furnace":6,"minecraft:egg":1,"minecraft:raw_iron":33,"minecraft:stick":8,"minecraft:torch":5,"minecraft:dripstone_block":1,"minecraft:porkchop":8,"minecraft:pointed_dripstone":1,"minecraft:diorite":5,"minecraft:white_bed":1,"minecraft:rotten_flesh":5,"minecraft:stone_axe":1,"minecraft:crossbow":1,"minecraft:gray_wool":2,"minecraft:oak_sapling":2,"minecraft:mutton":10,"minecraft:coal":117,"minecraft:white_wool":7,"minecraft:cobblestone":57},"minecraft:used":{"minecraft:cooked_mutton":2,"minecraft:diorite":5,"minecraft:stone_pickaxe":85,"minecraft:wooden_pickaxe":6,"minecraft:white_wool":4,"minecraft:torch":15,"minecraft:dirt":18,"minecraft:crafting_table":6,"minecraft:white_bed":1,"minecraft:dripstone_block":1,"minecraft:iron_axe":1,"minecraft:iron_pickaxe":70,"minecraft:stone_axe":66,"minecraft:cobblestone":34,"minecraft:furnace":6,"minecraft:cooked_porkchop":4,"minecraft:andesite":3,"minecraft:egg":1,"minecraft:cooked_beef":2,"minecraft:cobbled_deepslate":3,"minecraft:gray_wool":1,"minecraft:pointed_dripstone":1}},"DataVersion":3953}